{
  "resourceType" : "Bundle",
  "id" : "3fcbb9ab-52d2-4862-ba28-ef2036ee7409",
  "meta" : {
    "lastUpdated" : "2024-09-23T13:09:49.768+00:00"
  },
  "type" : "collection",
  "entry" : [{
    "fullUrl" : "http://hl7.pt/fhir/core/ValueSet/snomed-ct-vs",
    "resource" : {
      "resourceType" : "ValueSet",
      "text" : {
        "status" : "generated",
        "div" : "<div xmlns=\"http://www.w3.org/1999/xhtml\"><p class=\"res-header-id\"><b>Generated Narrative: ValueSet </b></p><p style=\"border: maroon 1px solid; background-color: #FFCCCC; font-weight: bold; padding: 8px\">This value set cannot be expanded because the terminology server(s) deemed it too costly to do so</p><table class=\"codes\"><tr><td style=\"white-space:nowrap\"><b>Code</b></td><td><b>System</b></td><td><b>Display</b></td></tr></table></div>"
      },
      "url" : "http://hl7.pt/fhir/core/ValueSet/snomed-ct-vs",
      "version" : "0.0.1",
      "name" : "SnomedCTVS",
      "title" : "Snomed Value Set",
      "status" : "active",
      "date" : "2024-09-23T13:09:49+00:00",
      "jurisdiction" : [{
        "coding" : [{
          "system" : "http://unstats.un.org/unsd/methods/m49/m49.htm",
          "code" : "001",
          "display" : "World"
        }]
      }],
      "expansion" : {
        "extension" : [{
          "url" : "http://hl7.org/fhir/StructureDefinition/valueset-toocostly",
          "valueBoolean" : true
        }],
        "identifier" : "urn:uuid:265f74a5-6205-4148-8821-1beebc7f9175",
        "timestamp" : "2024-09-23T13:11:11.863Z",
        "total" : 0,
        "offset" : 0,
        "parameter" : [{
          "name" : "limitedExpansion",
          "valueBoolean" : true
        },
        {
          "name" : "excludeNested",
          "valueBoolean" : false
        },
        {
          "name" : "offset",
          "valueInteger" : 0
        },
        {
          "name" : "count",
          "valueInteger" : 1000
        }]
      }
    }
  },
  {
    "fullUrl" : "http://hl7.pt/fhir/core/ValueSet/v2-013-vs",
    "resource" : {
      "resourceType" : "ValueSet",
      "text" : {
        "status" : "generated",
        "div" : "<div xmlns=\"http://www.w3.org/1999/xhtml\"><p class=\"res-header-id\"><b>Generated Narrative: ValueSet </b></p><p style=\"border: black 1px dotted; background-color: #EEEEEE; padding: 8px; margin-bottom: 8px\">Expansion based on <a href=\"http://hl7.org/fhir/R4/v2/0136/index.html\">codesystem v2 Y/N Indicator v2.9 (CodeSystem)</a></p><p>This value set contains 2 concepts</p><table class=\"codes\"><tr><td style=\"white-space:nowrap\"><b>Code</b></td><td><b>System</b></td><td><b>Display</b></td></tr><tr><td style=\"white-space:nowrap\"><a name=\"x-http://terminology.hl7.org/CodeSystem/v2-0136-N\"> </a>\u00a0\u00a0<a href=\"http://hl7.org/fhir/R4/v2/0136/index.html#v2-0136-N\">N</a></td><td>http://terminology.hl7.org/CodeSystem/v2-0136</td><td>No</td></tr><tr><td style=\"white-space:nowrap\"><a name=\"x-http://terminology.hl7.org/CodeSystem/v2-0136-Y\"> </a>\u00a0\u00a0<a href=\"http://hl7.org/fhir/R4/v2/0136/index.html#v2-0136-Y\">Y</a></td><td>http://terminology.hl7.org/CodeSystem/v2-0136</td><td>Yes</td></tr></table></div>"
      },
      "url" : "http://hl7.pt/fhir/core/ValueSet/v2-013-vs",
      "version" : "0.0.1",
      "name" : "v2-013-vs",
      "title" : "V2 0136 Value Set",
      "status" : "active",
      "date" : "2024-09-23T13:09:49+00:00",
      "jurisdiction" : [{
        "coding" : [{
          "system" : "http://unstats.un.org/unsd/methods/m49/m49.htm",
          "code" : "001",
          "display" : "World"
        }]
      }],
      "expansion" : {
        "identifier" : "urn:uuid:9039cec8-3e3f-428d-915e-81ee296c751e",
        "timestamp" : "2024-09-23T13:11:11+00:00",
        "total" : 2,
        "offset" : 0,
        "parameter" : [{
          "name" : "count",
          "valueInteger" : 1000
        },
        {
          "name" : "offset",
          "valueInteger" : 0
        },
        {
          "name" : "excludeNested",
          "valueBoolean" : false
        },
        {
          "name" : "used-codesystem",
          "valueUri" : "http://terminology.hl7.org/CodeSystem/v2-0136|2.9"
        }],
        "contains" : [{
          "system" : "http://terminology.hl7.org/CodeSystem/v2-0136",
          "code" : "N",
          "display" : "No"
        },
        {
          "system" : "http://terminology.hl7.org/CodeSystem/v2-0136",
          "code" : "Y",
          "display" : "Yes"
        }]
      }
    }
  }]
}